Date,Price
20080417,101.605
20080418,102.345
20080419,102.345
20080420,102.345
20080421,101.93562
20080422,103.266
20080423,102.764
20080424,103.392
20080425,104.416
20080426,104.416
20080427,104.416
20080428,104.425
20080429,104.213
20080430,103.64
20080501,104.365
20080502,104.423
20080503,104.423
20080504,104.423
20080505,105.33
20080506,105.104
20080507,104.777
20080508,105.276
20080509,103.984
20080510,103.984
20080511,103.984
20080512,102.825
20080513,103.79
20080514,104.571
20080515,105.24
20080516,104.84
20080517,104.84
20080518,104.84
20080519,104.08
20080520,104.485
20080521,103.696
20080522,103.415
20080523,104.048
20080524,104.048
20080525,104.048
20080526,103.32
20080527,103.475
20080528,104.065
20080529,104.565
20080530,105.605
20080531,105.52
20080601,105.52
20080602,105.42
20080603,104.249
20080604,105.23
20080605,105.275
20080606,105.632
20080607,105.632
20080608,105.632
20080609,105.632
20080610,106.241
20080611,107.31
20080612,106.893
20080613,107.98
20080614,107.98
20080615,107.98
20080616,108.60432
20080617,108.064
20080618,107.945
20080619,107.87
20080620,107.982
20080621,107.982
20080622,107.982
20080623,107.443
20080624,107.866
20080625,107.895
20080626,108.296
20080627,106.894
20080628,106.894
20080629,106.894
20080630,106.190998
20080701,106.2145
20080702,105.645
20080703,106.005
20080704,106.8
20080705,106.8
20080706,106.8
20080707,106.835
20080708,107.357672
20080709,107.427
20080710,106.784721
20080711,107.05
20080712,107.05
20080713,107.05
20080714,106.235
20080715,106.25
20080716,104.92
20080717,105.185
20080718,105.874
20080719,105.874
20080720,105.874
20080721,106.965
20080722,106.79
20080723,107.265
20080724,107.925
20080725,107.47
20080726,107.47
20080727,107.47
20080728,107.87
20080729,108.195934
20080730,108.165
20080731,108.135
20080801,107.97
20080802,107.97
20080803,107.97
20080804,107.755
20080805,108.156
20080806,108.245
20080807,109.455
20080808,109.6
20080809,109.6
20080810,109.6
20080811,110.12
20080812,110.14
20080813,108.565
20080814,108.855
20080815,109.915
20080816,109.915
20080817,109.915
20080818,110.342
20080819,110.025
20080820,109.7705
20080821,109.567
20080822,108.408
20080823,108.408
20080824,108.408
20080825,109.10579
20080826,109.155
20080827,109.805
20080828,109.845
20080829,109.49
20080830,109.49
20080831,109.49
20080901,108.165584
20080902,108.07
20080903,108.835
20080904,108.359
20080905,107.425
20080906,107.425
20080907,107.425
20080908,108.795
20080909,108.065
20080910,107.42
20080911,107.773
20080912,106.582
20080913,106.582
20080914,106.582
20080915,105.875
20080916,105.815
20080917,105.2245
20080918,104.677
20080919,104.175
20080920,104.175
20080921,104.175
20080922,107.475
20080923,106.315
20080924,105.875
20080925,106.035
20080926,106.71
20080927,106.71
20080928,106.71
20080929,106.245
20080930,105.1
20081001,106.302
20081002,105.883
20081003,105.495
20081004,105.495
20081005,105.495
20081006,105.155
20081007,101.324
20081008,102.311
20081009,99.725
20081010,100.874
20081011,100.874
20081012,100.874
20081013,101.065
20081014,100.855
20081015,102.24
20081016,101.508
20081017,100.45
20081018,100.45
20081019,100.45
20081020,101.585
20081021,101.735
20081022,100.405
20081023,100.405
20081024,100.405
20081025,100.405
20081026,100.405
20081027,92.66
20081028,93.56
20081029,96.089
20081030,97.786
20081031,98.234
20081101,98.234
20081102,98.234
20081103,98.944602
20081104,100.488752
20081105,99.76
20081106,97.925
20081107,98.06
20081108,98.06
20081109,98.06
20081110,99.035
20081111,98.066
20081112,97.695
20081113,95.565
20081114,95.915
20081115,95.915
20081116,95.915
20081117,96.11
20081118,97.074
20081119,97.359
20081120,96.853
20081121,95.02
20081122,95.02
20081123,95.02
20081124,95.982
20081125,96.295
20081126,95.445
20081127,95.01
20081128,95.558
20081129,95.558
20081130,95.558
20081201,95.556
20081202,93.7695
20081203,93.544
20081204,93.3
20081205,92.445
20081206,92.445
20081207,92.445
20081208,92.77
20081209,93.068
20081210,92.487
20081211,92.88
20081212,91.738
20081213,91.738
20081214,91.738
20081215,91.345
20081216,90.744
20081217,90.055
20081218,87.835
20081219,89.837
20081220,89.837
20081221,89.837
20081222,89.125
20081223,90.055
20081224,90.539
20081225,90.576
20081226,90.425
20081227,90.425
20081228,90.425
20081229,90.64
20081230,90.08
20081231,90.389
20090101,90.787
20090102,90.725
20090103,90.725
20090104,90.725
20090105,92.08
20090106,93.285
20090107,93.792
20090108,92.691
20090109,91.239
20090110,91.239
20090111,91.239
20090112,90.16
20090113,89.19
20090114,89.586
20090115,89.31
20090116,89.589
20090117,89.589
20090118,89.589
20090119,90.7335
20090120,90.387
20090121,89.823
20090122,88.17
20090123,88.731
20090124,88.731
20090125,88.731
20090126,89.257304
20090127,89.075
20090128,88.8055
20090129,89.72
20090130,89.775
20090131,89.775
20090201,89.775
20090202,90.005
20090203,89.846
20090204,89.395
20090205,89.67
20090206,91.6
20090207,91.6
20090208,91.6
20090209,91.845
20090210,91.395
20090211,90.67547
20090212,90.560108
20090213,90.875
20090214,90.875
20090215,90.875
20090216,91.806929
20090217,91.69
20090218,92.41
20090219,93.65
20090220,94.275
20090221,94.275
20090222,94.275
20090223,93.34
20090224,94.725
20090225,96.835
20090226,97.262
20090227,98.3535
20090228,98.3535
20090301,98.3535
20090302,97.565
20090303,97.165
20090304,98.271
20090305,99.315
20090306,97.855
20090307,97.855
20090308,97.855
20090309,98.285
20090310,98.89
20090311,98.65
20090312,97.527
20090313,97.635
20090314,97.635
20090315,97.635
20090316,98.265989
20090317,98.345
20090318,98.564
20090319,96.025
20090320,94.745
20090321,94.745
20090322,94.745
20090323,96.445
20090324,97.305
20090325,97.731
20090326,97.76
20090327,98.58
20090328,98.58
20090329,98.58
20090330,97.293
20090331,97.433
20090401,99.15
20090402,98.51
20090403,99.395
20090404,99.395
20090405,99.395
20090406,100.458
20090407,101.055
20090408,100.495
20090409,100.464129
20090410,100.464129
20090411,100.464129
20090412,100.464129
20090413,100.225
20090414,99.081409
20090415,99.382879
20090416,99.36
20090417,99.36
20090418,99.36
20090419,99.36
20090420,99.236
20090421,97.895
20090422,98.665
20090423,98.013
20090424,98.013
20090425,98.013
20090426,98.013
20090427,96.78
20090428,96.765
20090429,96.435
20090430,97.468
20090501,98.713
20090502,98.713
20090503,98.713
20090504,99.265
20090505,98.985
20090506,98.851
20090507,98.851
20090508,99.111
20090509,98.465
20090510,98.465
20090511,98.745
20090512,97.515
20090513,96.139642
20090514,95.475
20090515,95.745
20090516,95.745
20090517,95.745
20090518,95.012435
20090519,96.26
20090520,96.102
20090521,95.034
20090522,94.45633
20090523,94.45633
20090524,94.45633
20090525,94.78
20090526,94.714
20090527,94.905
20090528,95.0375
20090529,97
20090530,97
20090531,97
20090601,95.322159
20090602,96.345
20090603,95.625
20090604,96.025
20090605,96.611184
20090606,96.611184
20090607,96.611184
20090608,98.825
20090609,98.072146
20090610,97.280612
20090611,98.1165
20090612,97.84
20090613,97.84
20090614,97.84
20090615,98.385
20090616,98.0795
20090617,96.588114
20090618,96.36853
20090619,96.144496
20090620,96.144496
20090621,96.144496
20090622,95.827
20090623,95.393
20090624,95.494549
20090625,95.835
20090626,96.1435
20090627,95.245
20090628,96.1435
20090629,95.245
20090630,95.938
20090701,95.938
20090702,96.593163
20090703,96.066043
20090704,96.066043
20090705,96.066043
20090706,95.465
20090707,95.465
20090708,94.272979
20090709,93.055
20090710,92.977
20090711,92.419
20090712,92.57
20090713,92.589
20090714,92.575
20090715,93.175
20090716,94.105
20090717,93.67
20090718,94.234
20090719,94.18
20090720,94.24
20090721,94.185
20090722,93.545
20090723,93.647
20090724,95.265
20090725,94.797
20090726,94.79
20090727,94.79
20090728,95.145
20090729,94.493
20090730,94.985
20090731,95.705
20090801,94.745
20090802,94.67
20090803,94.67
20090804,95.245
20090805,95.196
20090806,94.765
20090807,95.575
20090808,97.615
20090809,97.45
20090810,97.45
20090811,97.145
20090812,95.945
20090813,96.14
20090814,95.125
20090815,94.935
20090816,94.935
20090817,94.347
20090818,94.825
20090819,94.685
20090820,93.8925
20090821,94.105
20090822,94.37
20090823,94.385
20090824,94.385
20090825,94.465
20090826,94.065
20090827,94.265
20090828,93.717
20090829,93.536
20090830,93.54
20090831,91.865
20090901,92.975
20090902,93.048
20090903,92.215
20090904,92.56
20090905,92.967
20090906,93
20090907,92.915
20090908,92.93
20090909,92.085
20090910,92.025
20090911,91.662
20090912,90.443
20090913,90.67
20090914,90.655
20090915,90.996
20090916,90.965
20090917,91.005
20090918,91.185
20090919,91.3875
20090920,91.33
20090921,91.33
20090922,92.045
20090923,91.14
20090924,91.385
20090925,91.535
20090926,89.84
20090927,89.635
20090928,89.635
20090929,89.494
20090930,90.132
20091001,89.71
20091002,89.685
20091003,89.505
20091004,89.745
20091005,89.745
20091006,89.645
20091007,88.77
20091008,88.82
20091009,88.305
20091010,89.805
20091011,89.785
20091012,89.785
20091013,89.789
20091014,89.705
20091015,89.385
20091016,90.552
20091017,90.8555
20091018,90.895
20091019,90.895
20091020,90.665
20091021,90.844
20091022,91.0135
20091023,91.375
20091024,91.923
20091025,92.065
20091026,92.065
20091027,92.0665
20091028,92.112
20091029,90.606
20091030,91.365
20091031,90.345
20091101,90.085
20091102,90.085
20091103,90.565
20091104,90.29
20091105,90.945
20091106,90.431
20091107,89.806
20091108,89.875
20091109,89.875
20091110,89.906
20091111,89.853
20091112,89.885
20091113,90.4
20091114,89.534
20091115,89.665
20091116,89.665
20091117,89.334
20091118,89.385
20091119,89.373
20091120,88.96
20091121,88.925
20091122,88.885
20091123,88.885
20091124,89.155
20091125,88.568
20091126,87.675
20091127,86.495
20091128,86.917
20091129,86.575
20091130,86.575
20091201,86.13
20091202,86.628
20091203,87.215
20091204,88.165
20091205,89.835
20091206,90.54
20091207,90.46
20091208,89.433
20091209,88.395
20091210,87.891
20091211,88.212
20091212,89.188
20091213,89.055
20091214,89.055
20091215,88.725
20091216,89.894
20091217,89.61
20091218,90.35
20091219,90.505
20091220,90.435
20091221,90.435
20091222,90.955
20091223,91.7075
20091224,91.535
20091225,91.688
20091226,91.255
20091227,91.115
20091228,91.115
20091229,91.592
20091230,91.965
20091231,92.675
20100101,93.034
20100102,93.095
20100103,93.095
20100104,93.095
20100105,92.567
20100106,91.626
20100107,92.534
20100108,93.315
20100109,92.785
20100110,92.655
20100111,92.655
20100112,91.902
20100113,90.972
20100114,91.465
20100115,91.045
20100116,90.75
20100117,90.835
20100118,90.8
20100119,90.76
20100120,91.15
20100121,91.24
20100122,90.264
20100123,90.147
20100124,89.86
20100125,89.85
20100126,90.168
20100127,89.63
20100128,89.406
20100129,89.74
20100130,90.43
20100131,90.3
20100201,90.3
20100202,90.81
20100203,90.397
20100204,91.111
20100205,89.209
20100206,89.3
20100207,89.22
20100208,89.22
20100209,89.346
20100210,89.524
20100211,89.888
20100212,89.88
20100213,90.01
20100214,89.992
20100215,89.992
20100216,90
20100217,90.452
20100218,90.794
20100219,91.448
20100220,92.016
20100221,91.54
20100222,91.54
20100223,91.117
20100224,90.161
20100225,90.056
20100226,88.91
20100227,88.857
20100228,88.96
20100301,88.96
20100302,89.29
20100303,88.98
20100304,88.43
20100305,89.04
20100306,90.38
20100307,90.3
20100308,90.3
20100309,90.3
20100310,89.876
20100311,90.667
20100312,90.569
20100313,90.461
20100314,90.56
20100315,90.56
20100316,90.521
20100317,90.45
20100318,90.143
20100319,90.31
20100320,90.4
20100321,90.4
20100322,90.55
20100323,90.052
20100324,90.231
20100325,92.036
20100326,92.701
20100327,92.46
20100328,92.52
20100329,92.52
20100330,92.6
20100331,92.81
20100401,93.43
20100402,93.802
20100403,94.61
20100404,94.61
20100405,94.61
20100406,94.25
20100407,93.857
20100408,93.326
20100409,93.42
20100410,93.185
20100411,93.2
20100412,93.2
20100413,93.26
20100414,93.336
20100415,93.02
20100416,93.06
20100417,92.1
20100418,92.16
20100419,92.16
20100420,92.3
20100421,93.27
20100422,93.24
20100423,93.3
20100424,94.13
20100425,93.97
20100426,93.97
20100427,94.126
20100428,93.261
20100429,94.17
20100430,94.102
20100501,94.06
20100502,93.85
20100503,93.85
20100504,94.71
20100505,94.4
20100506,94.07
20100507,91.729
20100508,91.8
20100509,91.8
20100510,92.48
20100511,93.15
20100512,93.04
20100513,93.156
20100514,92.862
20100515,92.11
20100516,92.46
20100517,92.46
20100518,92.293
20100519,92.27
20100520,91.64
20100521,90.01
20100522,89.976
20100523,90.1
20100524,90.1
20100525,90.4
20100526,89.773
20100527,90.36
20100528,90.91
20100529,90.81
20100530,91.06
20100531,91.06
20100601,91.12
20100602,91.3
20100603,92.183
20100604,92.512
20100605,91.61
20100606,91.87
20100607,91.87
20100608,91.882
20100609,91.113
20100610,91.377
20100611,91.2
20100612,91.6
20100613,91.7
20100614,91.71
20100615,91.76
20100616,91.473
20100617,91.36
20100618,90.866
20100619,90.8
20100620,90.744
20100621,90.64
20100622,91.05
20100623,90.58
20100624,90.116
20100625,89.65
20100626,89.406
20100627,89.24
20100628,89.29
20100629,89.41
20100630,88.514
20100701,88.63
20100702,87.63
20100703,87.68
20100704,87.8
20100705,87.75
20100706,87.75
20100707,87.437
20100708,87.31
20100709,88.421
20100710,88.53
20100711,88.589
20100712,88.589
20100713,88.62
20100714,88.4
20100715,88.3
20100716,87.384
20100717,86.71
20100718,86.7
20100719,86.7
20100720,86.73
20100721,87.3
20100722,87.21
20100723,86.97
20100724,87.41
20100725,87.52
20100726,87.635
20100727,87.038
20100728,87.906
20100729,87.53
20100730,86.86
20100731,86.37
20100801,86.42
20100802,86.47
20100803,86.47
20100804,85.81
20100805,86.23
20100806,85.864
20100807,85.27
20100808,85.4
20100809,85.57
20100810,85.836
20100811,85.82
20100812,85.24
20100813,85.854
20100814,86.24
20100815,86.3
20100816,86.3
20100817,85.324
20100818,85.57
20100819,85.34
20100820,85.241
20100821,85.7
20100822,85.61
20100823,85.62
20100824,85.172
20100825,84.18
20100826,84.73
20100827,84.608
20100828,85.421
20100829,85.352
20100830,85.22
20100831,84.71
20100901,84.14
20100902,84.51
20100903,84.27
20100904,84.373
20100905,84.42
20100906,84.42
20100907,84.219
20100908,83.723
20100909,83.849
20100910,83.91
20100911,84.14
20100912,84.14
20100913,84.17
20100914,83.621
20100915,83.07
20100916,85.57
20100917,85.75
20100918,85.823
20100919,85.85
20100920,85.9
20100921,85.78
20100922,85.339
20100923,84.446
20100924,84.35
20100925,84.38
20100926,84.21
20100927,84.21
20100928,84.182
20100929,83.74
20100930,83.62
20101001,83.5
20101002,83.379
20101003,83.22
20101004,83.22
20101005,83.366
20101006,83.28
20101007,82.87
20101008,82.44
20101009,81.93
20101010,81.94
20101011,81.94
20101012,82.05
20101013,81.81
20101014,81.88
20101015,81.452
20101016,81.3
20101017,81.5
20101018,81.5
20101019,81.21
20101020,81.51
20101021,81.056
20101022,81.291
20101023,81.46
20101024,81.41
20101025,81.41
20101026,80.7
20101027,81.4
20101028,81.66
20101029,81.036
20101030,80.5
20101031,80.44
20101101,80.39
20101102,80.677
20101103,80.8
20101104,81.309
20101105,80.71
20101106,81.339
20101107,81.276
20101108,81.276
20101109,81.17
20101110,81.079
20101111,82.562
20101112,82.45
20101113,82.489
20101114,82.53
20101115,82.53
20101116,82.893
20101117,83.436
20101118,83.143
20101119,83.628
20101120,83.5
20101121,83.471
20101122,83.56
20101123,83.474
20101124,82.87
20101125,83.4
20101126,83.676
20101127,84.14
20101128,84.14
20101129,84.1
20101130,84.358
20101201,83.55
20101202,83.838602
20101203,83.549
20101204,82.749
20101205,82.56
20101206,82.55
20101207,82.72
20101208,83.08
20101209,84.12
20101210,83.837
20101211,83.921
20101212,83.95
20101213,83.95
20101214,83.641
20101215,83.53
20101216,84.034
20101217,84.309
20101218,84.15
20101219,83.93
20101220,83.97
20101221,83.75
20101222,83.76
20101223,83.54
20101224,82.97
20101225,82.9
20101226,82.9
20101227,82.89
20101228,82.918
20101229,82.209
20101230,81.86
20101231,81.72
20110101,81.11
20110102,81.13
20110103,81.16
20110104,81.576
20110105,81.957
20110106,83.241
20110107,83.19
20110108,83.059
20110109,83.2
20110110,83.24
20110111,82.781
20110112,83.374
20110113,83.331
20110114,82.779
20110115,83.008
20110116,83
20110117,82.95
20110118,82.676
20110119,82.637
20110120,82.049
20110121,83.02
20110122,82.641
20110123,82.57
20110124,82.59
20110125,82.407
20110126,82.43
20110127,82.31
20110128,83.03
20110129,82.006
20110130,82.13
20110131,82.17
20110201,81.98
20110202,81.494
20110203,81.788
20110204,81.52
20110205,82
20110206,82.2
20110207,82.2
20110208,82.426
20110209,81.93
20110210,82.512
20110211,83.1
20110212,83.561
20110213,83.44
20110214,83.43
20110215,83.37
20110216,83.785
20110217,83.76
20110218,83.314
20110219,83.226
20110220,83.1
20110221,83.2
20110222,83.186
20110223,82.924
20110224,82.43
20110225,81.65
20110226,81.776
20110227,81.776
20110228,81.71
20110301,81.96
20110302,81.894
20110303,81.61
20110304,82.37
20110305,82.421
20110306,82.28
20110307,82.37
20110308,82.081
20110309,82.713
20110310,82.768
20110311,83.019
20110314,81.87
20110315,81.667
20110316,80.669
20110317,80.208
20110318,78.922
20110319,81.036
20110320,81.036
20110321,81.036
20110322,81.01
20110323,80.982
20110324,80.864
20110325,80.925
20110326,80.925
20110327,80.925
20110328,80.925
20110329,81.72
20110330,82.428
20110331,82.797
20110401,82.83
20110402,84.21
20110403,84.1
20110404,84.1
20110405,83.969
20110406,84.71
20110407,85.31
20110408,84.93
20110409,84.88
20110410,84.72
20110411,84.72
20110412,84.53
20110413,83.666
20110414,83.791
20110415,83.377
20110416,83.076
20110417,83.08
20110418,83.093
20110419,82.433
20110420,82.462
20110421,82.385
20110422,81.83
20110423,81.94
20110424,81.85
20110425,81.85
20110426,81.894
20110427,81.634
20110428,82.213
20110429,81.56
20110430,81.224
20110501,81.11
20110502,81.19
20110503,81.23
20110504,80.97
20110505,80.55
20110506,80.147
20110507,80.336
20110508,80.6
20110509,80.63
20110510,80.417
20110511,80.799
20110512,80.845
20110513,80.9
20110514,80.72
20110515,80.88
20110516,80.79
20110517,80.77
20110518,81.51
20110519,81.5
20110520,81.75
20110521,81.556
20110522,81.71
20110523,81.71
20110524,81.8
20110525,81.9
20110526,81.978
20110527,81.31
20110528,80.9
20110529,80.83
20110530,80.83
20110531,80.929
20110601,81.392
20110602,80.891
20110603,80.86
20110604,80.31
20110605,80.2
20110606,80.3
20110607,80.171
20110608,80.16
20110609,79.824
20110610,80.388
20110611,80.281
20110612,80.32
20110613,80.33
20110614,80.27
20110615,80.494
20110616,80.95
20110617,80.74
20110618,80.06
20110619,80.03
20110620,80.05
20110621,80.212
20110622,80.12
20110623,80.278
20110624,80.59
20110625,80.38
20110626,80.5
20110627,80.43
20110628,80.949
20110629,81.219
20110630,80.83
20110701,80.65
20110702,80.85
20110703,80.82
20110704,80.83
20110705,80.811
20110706,81.102
20110707,80.926
20110708,81.217
20110709,80.66
20110710,80.62
20110711,80.64
20110712,80.304
20110713,79.488
20110714,79.014
20110715,79.044
20110716,79.032
20110717,79.13
20110718,79.12
20110719,79.071
20110720,78.94
20110721,78.754
20110722,78.562
20110723,78.47
20110724,78.49
20110725,78.53
20110726,78.26
20110727,77.97
20110728,78.07
20110729,77.81
20110730,77.137
20110731,76.9
20110801,76.76
20110802,77.202
20110803,77.079
20110804,76.9
20110805,78.822
20110806,78.552
20110807,78.4
20110808,78.4
20110809,77.72
20110810,77.062
20110811,76.757
20110812,76.866
20110813,76.74
20110814,76.82
20110815,76.69
20110816,76.8
20110817,76.675
20110818,76.47
20110819,76.8565
20110820,76.471
20110821,76.55
20110822,76.55
20110823,76.744
20110824,76.61
20110825,77.037
20110826,77.63
20110827,76.712
20110829,76.689
20110830,76.937
20110831,76.72
20110901,76.521
20110902,76.815
20110903,76.72
20110904,76.8
20110905,76.79
20110906,76.89
20110907,77.54
20110908,77.33
20110909,77.572
20110910,77.4
20110913,77.268
20110914,76.86
20110915,76.66
20110916,76.672
20110917,76.88
20110920,76.5
20110921,76.427
20110922,76.31
20110923,76.433
20110924,76.476
20110927,76.44
20110928,76.633
20110929,76.449
20110930,76.674
20111001,77.07
20111002,77.14
20111003,77.07
20111004,76.71
20111005,76.836
20111006,76.83
20111007,76.67
20111008,76.786
20111009,76.72
20111011,76.689
20111012,76.71
20111013,77.359
20111014,76.864
20111015,77.33
20111018,76.78
20111019,76.83
20111020,76.78
20111021,76.84
20111022,76.21
20111025,76.11
20111026,75.94
20111027,76.04
20111028,75.82
20111029,75.746
20111030,75.8
20111031,75.8
20111101,77.971
20111102,78.33
20111103,78.091
20111104,77.97
20111105,78.26
20111106,78.26
20111107,78.239
20111108,78.068
20111109,77.778
20111110,77.77
20111111,77.6
20111112,77.14
20111115,77.02
20111116,77.014
20111117,77.03
20111118,76.98
20111119,76.944
20111121,76.91
20111122,76.96
20111123,77.07
20111124,77.413
20111125,77.11
20111126,77.669
20111128,77.75
20111129,78.089
20111130,77.85
20111201,77.55
20111202,77.589
20111203,77.9
20111204,77.987
20111205,78
20111206,77.78
20111207,77.75
20111208,77.71
20111209,77.676
20111210,77.603
20111211,77.54
20111212,77.54
20111213,77.844
20111214,77.9
20111215,78.081
20111216,77.889
20111217,77.66
20111218,77.76
20111219,77.76
20111220,77.97
20111221,77.8
20111222,78.02
20111223,78.14
20111224,78.14
20111227,77.94
20111228,77.83
20111229,77.964
20111230,77.734
20111231,76.97
20120101,76.97
20120102,76.97
20120103,76.91
20120104,76.667
20120105,76.71
20120106,77.15
20120107,77.062
20120108,77.07
20120110,76.86
20120111,76.867
20120112,76.912
20120113,76.741
20120114,76.9
20120115,76.91
20120116,76.91
20120117,76.782
20120118,76.798
20120119,76.818
20120120,77.31
20120121,76.996
20120123,76.95
20120124,76.921
20120125,77.77
20120126,78.17
20120127,77.459
20120128,76.699
20120129,76.68
20120130,76.68
20120131,76.344
20120201,76.34
20120202,76.136
20120203,76.16
20120204,76.54
20120205,76.61
20120207,76.6
20120208,76.887
20120209,76.93
20120210,77.47
20120211,77.58
20120213,77.63
20120214,77.52
20120215,78.412
20120216,78.22
20120217,78.83
20120218,79.36
20120219,79.55
20120220,79.53
20120221,79.507
20120222,79.739
20120223,80.294
20120224,80.203
20120225,80.898
20120226,81.21
20120228,80.428
20120229,80.45
20120301,81.17
20120302,81.18
20120303,81.583
20120304,81.79
20120305,81.81
20120306,81.428
20120307,80.731
20120308,81.06
20120309,81.512
20120310,82.528
20120311,82.48
20120312,82.47
20120313,82.244
20120314,82.68
20120315,83.658
20120316,83.31
20120317,83.35
20120318,83.45
20120319,83.45
20120320,83.43
20120321,83.56
20120322,83.73
20120323,82.493
20120324,82.43
20120325,82.35
20120326,82.35
20120327,82.819
20120328,83.13
20120329,82.77
20120330,82.377
20120331,82.6
20120401,82.87
20120402,82.82
20120403,82.17
20120404,82.11
20120405,82.566
20120406,82.35
20120407,81.57
20120408,81.64
20120409,81.65
20120410,81.66
20120411,80.814
20120412,81.034
20120413,80.83
20120414,80.99
20120415,80.93
20120416,80.93
20120417,80.44
20120418,80.76
20120419,81.281
20120420,81.52
20120421,81.574
20120425,81.21
20120426,81.43
20120427,80.9
20120428,80.45
20120429,80.27
20120430,80.27
20120501,79.837
20120502,80.26
20120503,80.17
20120504,80.309
20120505,79.858
20120506,79.85
20120507,79.85
20120508,79.932
20120509,79.8
20120510,79.75
20120511,79.919
20120512,79.908
20120513,79.93
20120514,79.94
20120515,79.86
20120516,80.309
20120517,80.312
20120518,79.35
20120519,79.14
20120520,79.02
20120521,79.02
20120522,79.334
20120523,79.97
20120524,79.41
20120525,79.584
20120526,79.63
20120527,79.67
20120528,79.68
20120529,79.482
20120530,79.51
20120531,79.021
20120601,78.377
20120602,78.175
20120603,78.05
20120604,78
20120605,78.32
20120606,78.75
20120607,79.098
20120608,79.609
20120609,79.45
20120610,79.49
20120612,79.419
20120613,79.445
20120614,79.318
20120615,79.32
20120616,78.706
20120617,78.71
20120618,78.72
20120619,79.102
20120620,78.96
20120621,79.57
20120622,80.194
20120623,80.46
20120624,80.43
20120625,80.43
20120626,79.584
20120627,79.476
20120628,79.71
20120629,79.41
20120630,79.86
20120701,79.82
20120702,79.82
20120703,79.44
20120704,79.86
20120705,79.83
20120706,79.9
20120707,79.72
20120708,79.68
20120710,79.64
20120711,79.44
20120712,79.631
20120713,79.327
20120714,79.165
20120716,79.22
20120717,78.827
20120718,79.052
20120719,78.81
20120720,78.594
20120721,78.499
20120722,78.5
20120723,78.51
20120724,78.44
20120725,78.19
20120726,78.172
20120727,78.262
20120728,78.64
20120731,78.21
20120801,78.17
20120802,78.13
20120803,78.247
20120804,78.604
20120805,78.46
20120806,78.48
20120807,78.177
20120808,78.69
20120809,78.482
20120810,78.56
20120811,78.22
20120812,78.26
20120813,78.29
20120814,78.32
20120815,78.77
20120816,78.91
20120817,79.38
20120818,79.536
20120819,79.57
20120820,79.57
20120821,79.383
20120822,79.32
20120823,79.159
20120824,78.48
20120825,78.679
20120826,78.66
20120828,78.7
20120829,78.5
20120830,78.714
20120831,78.58
20120901,78.32
20120903,78.39
20120904,78.274
20120905,78.417
20120906,78.38
20120907,78.93
20120908,78.208
20120911,78.27
20120912,77.804
20120913,77.9
20120914,77.477
20120915,78.286
20120917,78.39
20120918,78.752
20120919,78.67
20120920,78.364
20120921,78.3
20120922,78.14
20120925,77.87
20120926,77.846
20120927,77.748
20120928,77.66
20120929,78.084
20121002,78.021
20121003,78.107
20121004,78.51
20121005,78.35
20121006,78.651
20121007,78.66
20121009,78.195
20121010,78.23
20121011,78.25
20121012,78.4
20121013,78.354
20121014,78.42
20121015,78.41
20121016,78.761
20121017,78.9
20121018,78.77
20121019,79.228
20121020,79.33
20121021,79.32
20121023,79.826
20121024,79.821
20121025,79.81
20121026,80.17
20121027,79.688
20121030,79.8
20121031,79.622
20121101,79.862
20121102,80.107
20121103,80.494
20121105,80.47
20121106,80.162
20121107,80.28
20121108,79.88
20121109,79.76
20121110,79.476
20121112,79.5
20121113,79.423
20121114,79.429
20121115,80.201
20121116,81.174
20121117,81.265
20121119,81.3
20121120,81.16
20121121,81.72
20121122,82.361
20121123,82.57
20121124,82.33
20121126,82.405
20121127,82.122
20121128,82.266
20121129,81.8765
20121130,82.086
20121201,82.535
20121202,82.485
20121203,82.515
20121204,82.255
20121205,81.869
20121206,82.3585
20121207,82.298
20121208,82.39
20121209,82.485
20121210,82.485
20121211,82.382
20121212,82.414
20121213,83.105
20121214,83.549
20121215,83.535
20121216,83.52
20121217,83.515
20121218,83.738
20121219,84.017
20121220,84.3245
20121221,84.345
20121222,84.12
20121224,84.235
20121225,84.825
20121226,84.83
20121227,85.651
20121228,86.037
20121229,86.111
20121231,85.985
20130101,86.576
20130102,86.73
20130103,87.1055
20130104,86.948
20130105,88.1445
20130106,88.145
20130107,88.145
20130108,87.705
20130109,87.145
20130110,87.908
20130111,88.18
20130112,89.205
20130113,89.175
20130114,89.175
20130115,89.3255
20130116,88.69
20130117,88.604
20130118,89.424
20130119,89.8865
20130120,90.115
20130121,90.135
20130122,89.774
20130123,88.565
20130124,88.445
20130125,90.024
20130126,91.0245
20130127,90.875
20130128,90.855
20130129,90.73
20130130,90.6405
20130131,91.08
20130201,91.314
20130202,92.477
20130203,92.785
20130204,92.835
20130205,92.615
20130206,93.398
20130207,93.5445
20130208,93.272
20130209,92.712
20130210,92.7
20130211,92.705
20130212,93.431
20130213,93.1195
20130214,93.36
20130215,93.095
20130216,93.6565
20130217,93.515
20130218,93.505
20130219,93.955
20130220,93.556
20130221,93.568
20130222,92.979
20130223,93.361
20130224,93.425
20130225,93.445
20130226,93.3545
20130227,91.383
20130228,91.923
20130301,92.361
20130302,93.335
20130303,93.595
20130304,93.595
20130305,93.335
20130306,93.424
20130307,93.655
20130308,95
20130309,96.043
20130310,96.01
20130311,95.955
20130312,96.21
20130313,95.925
20130314,96.064
20130315,95.828
20130316,95.375
20130317,95.29
20130318,95.275
20130319,95.183
20130320,95.0875
20130321,95.533
20130322,95.093
20130323,94.48
20130324,94.545
20130325,94.545
20130326,93.9385
20130327,94.369
20130328,94.35
20130329,94.08
20130330,94.205
20130331,94.225
20130401,94.2
20130402,93.3
20130403,93.495
20130404,92.878
20130405,96.118
20130406,97.16
20130407,97.555
20130408,97.555
20130409,99.1035
20130410,99.212
20130411,99.695
20130412,99.865
20130413,98.94
20130414,98.375
20130415,98.375
20130416,97.78
20130417,97.645
20130418,97.559
20130419,98.1755
20130420,99.179
20130421,99.505
20130422,99.535
20130423,99.2615
20130424,99.336
20130425,99.408
20130426,99.375
20130427,98.078
20130428,98.07
20130429,98.035
20130430,97.9705
20130501,97.531
20130502,97.19
20130503,98.034
20130504,99.137
20130505,99.005
20130506,99.005
20130507,99.43
20130508,99.06
20130509,98.8855
20130510,99.844
20130511,101.605
20130512,101.605
20130513,101.605
20130514,101.933
20130515,102.29
20130516,102.32
20130517,102.02
20130518,103.043
20130519,103.255
20130520,103.255
20130521,102.315
20130522,102.53
20130523,103.329
20130524,101.755
20130525,100.973
20130526,101.325
20130527,101.325
20130528,101.0905
20130529,102.096
20130530,100.9925
20130531,100.93
20130601,100.825
20130604,99.089
20130605,100.0595
20130606,99.263
20130607,97.2045
20130608,97.602
20130609,97.545
20130610,97.545
20130611,98.6165
20130612,96.278
20130613,95.9115
20130614,94.747
20130615,94.2005
20130616,94.09
20130617,94.09
20130618,94.917
20130619,95.232
20130620,95.255
20130621,97.999
20130622,97.616
20130623,97.905
20130624,97.905
20130625,97.673
20130626,97.73
20130627,97.6965
20130628,98.3745
20130629,99.261
20130630,99.145
20130701,99.145
20130702,99.647
20130703,100.678
20130704,99.935
20130705,100.056
20130706,101.0135
20130707,101.185
20130708,101.185
20130709,100.93
20130710,100.987
20130711,100.375
20130712,99.295
20130713,99.385
20130714,99.225
20130715,99.225
20130716,99.915
20130717,99.141
20130718,99.505
20130719,100.478
20130720,100.3135
20130721,100.645
20130722,100.645
20130723,99.528
20130724,99.547
20130725,100.323
20130726,99.5335
20130727,98.0985
20130728,98.295
20130729,98.295
20130730,97.817
20130731,98.0515
20130801,98.282
20130802,99.446
20130803,98.959
20130804,98.965
20130805,98.965
20130806,98.546
20130807,97.704
20130808,96.5175
20130809,96.369
20130810,96.3715
20130811,96.265
20130812,96.265
20130813,96.54
20130814,98.254
20130815,98.134
20130816,97.488
20130817,97.639
20130818,97.5145
20130819,97.525
20130820,97.701
20130821,97.275
20130822,97.618
20130823,98.641
20130824,98.7275
20130825,98.745
20130826,98.745
20130827,98.6725
20130828,97.095
20130829,97.735
20130830,98.227
20130831,98.175
20130901,98.185
20130902,98.165
20130903,99.309
20130904,99.2545
20130905,99.758
20130906,100.105
20130907,99.1235
20130908,99.115
20130909,99.115
20130910,99.558
20130911,100.29
20130912,99.905
20130913,99.355
20130914,99.2415
20130915,99.355
20130916,99.355
20130917,99.003
20130918,99.241
20130919,98.856
20130920,99.298
20130921,99.3495
20130922,99.335
20130923,99.335
20130924,98.924
20130925,98.926
20130926,98.5035
20130927,98.932
20130928,98.1865
20130929,98.2305
20130930,98.275
20131001,98.3515
20131002,98.0485
20131003,97.489
20131004,97.239
20131005,97.4
20131006,97.495
20131007,97.495
20131008,96.944
20131009,96.944
20131010,97.2665
20131011,98.102
20131012,98.507
20131013,98.575
20131014,98.575
20131015,98.2615
20131016,98.61
20131017,98.8235
20131018,97.9085
20131019,97.816
20131020,97.755
20131021,97.755
20131022,98.16
20131023,98.034
20131024,97.255
20131025,97.336
20131026,97.47
20131027,97.425
20131028,97.425
20131029,97.685
20131030,98.178
20131031,98.2175
20131101,98.292
20131102,98.754
20131103,98.695
20131104,98.695
20131105,98.636
20131106,98.635
20131107,98.609
20131108,98.562
20131109,98.993
20131110,99.055
20131111,99.085
20131112,99.206
20131113,99.6075
20131114,99.256
20131115,99.956
20131116,100.231
20131117,100.162
20131118,100.185
20131119,100.04
20131120,100.143
20131121,99.999
20131122,100.9545
20131123,101.2625
20131124,101.255
20131125,101.255
20131126,101.71
20131127,101.4
20131128,102.16
20131129,102.272
20131130,102.464
20131201,102.445
20131202,102.445
20131203,103.04
20131204,102.295
20131205,102.5
20131206,101.826
20131207,102.79
20131208,102.915
20131209,102.915
20131210,103.205
20131211,102.85
20131212,102.357
20131213,103.1
20131214,103.252
20131215,103.195
20131216,103.195
20131217,102.95
20131218,102.633
20131219,103.2205
20131220,104.16
20131221,104.0575
20131222,104.075
20131223,104.075
20131224,104.079
20131225,104.259
20131226,104.405
20131227,104.7115
20131228,105.02
20131229,105.165
20131230,105.165
20131231,105.0305
20140101,105.283
20140102,105.288
20140103,104.85
20140104,104.505
20140105,104.855
20140106,104.855
20140107,104.375
20140108,104.571
20140109,104.841
20140110,104.695
20140111,104.072
20140112,104.155
20140113,104.155
20140114,103.337
20140115,103.842
20140116,104.417
20140117,104.3195
20140118,104.306
20140119,104.325
20140120,104.325
20140121,104.145
20140122,104.037
20140123,104.375
20140124,103.645
20140125,102.348
20140126,102.295
20140127,102.295
20140128,102.365
20140129,102.819
20140130,102.166
20140131,102.879
20140201,102.2335
20140202,102.045
20140203,102.045
20140204,101.16
20140205,101.6025
20140206,101.3655
20140207,101.855
20140208,102.259
20140209,102.355
20140210,102.355
20140211,102.145
20140212,102.629
20140213,102.474
20140214,102.196
20140215,101.837
20140216,101.805
20140217,101.805
20140218,101.893
20140219,102.3435
20140220,102.359
20140221,102.33
20140222,102.743
20140223,102.515
20140224,102.515
20140225,102.455
20140226,102.1865
20140227,102.3555
20140228,102.155
20140301,102.1115
20140302,101.805
20140303,101.805
20140304,101.376
20140305,102.18
20140306,102.365
20140307,103.035
20140308,103.35
20140309,103.275
20140310,103.275
20140311,103.261
20140312,103.096
20140313,102.72
20140314,101.7915
20140315,101.44
20140316,101.355
20140317,101.355
20140318,101.619
20140319,101.361
20140320,101.57
20140321,102.4345
20140322,102.298
20140323,102.265
20140324,102.265
20140325,102.195
20140326,102.275
20140327,102.361
20140328,102.131
20140329,102.88
20140330,102.815
20140331,102.815
20140401,103.074
20140402,103.522
20140403,103.776
20140404,103.939
20140405,103.313
20140406,103.285
20140407,103.285
20140408,103.074
20140409,101.9035
20140410,102.017
20140411,101.514
20140412,101.568
20140413,101.645
20140414,101.645
20140415,101.755
20140416,101.735
20140417,102.26
20140418,102.43
20140419,102.402
20140420,102.395
20140421,102.395
20140422,102.5785
20140423,102.627
20140424,102.318
20140425,102.274
20140426,102.154
20140427,102.1905
20140428,102.195
20140429,102.36
20140430,102.565
20140501,102.131
20140502,102.258
20140503,102.2495
20140504,102.2055
20140505,102.195
20140506,102.09
20140507,101.55
20140508,101.71
20140509,101.519
20140510,101.815
20140511,101.865
20140512,101.865
20140513,102.146
20140514,102.3035
20140515,101.81
20140516,101.448
20140517,101.481
20140518,101.545
20140519,101.535
20140520,101.2885
20140521,101.237
20140522,101.489
20140523,101.81
20140524,101.95
20140525,101.965
20140526,101.965
20140527,101.925
20140528,102.107
20140529,101.794
20140530,101.713
20140531,101.751
20140601,101.785
20140602,101.785
20140603,102.387
20140604,102.527
20140605,102.698
20140606,102.417
20140607,102.5845
20140608,102.495
20140609,102.495
20140610,102.5465
20140611,102.385
20140612,102.018
20140613,101.6825
20140614,102.0195
20140615,102.045
20140616,102.045
20140617,101.856
20140618,102.161
20140619,102.131
20140620,101.954
20140621,102.139
20140622,102.075
20140623,102.075
20140624,101.904
20140625,102.0345
20140626,101.85
20140627,101.685
20140628,101.377
20140629,101.405
20140630,101.405
20140701,101.28
20140702,101.529
20140703,101.833
20140704,102.204
20140705,102.07
20140706,102.105
20140707,102.105
20140708,101.87
20140709,101.56
20140710,101.76
20140711,101.332
20140712,101.3365
20140713,101.335
20140714,101.335
20140715,101.593
20140716,101.6625
20140717,101.7
20140718,101.3
20140719,101.356
20140720,101.335
20140721,101.335
20140722,101.376
20140723,101.482
20140724,101.5045
20140725,101.8435
20140726,101.762
20140727,101.845
20140728,101.845
20140729,101.8685
20140730,102.098
20140731,102.902
20140801,102.827
20140802,102.52
20140803,102.625
20140804,102.625
20140805,102.468
20140806,102.6105
20140807,102.008
20140808,102.1115
20140809,102.04
20140810,102.027
20140811,102.015
20140812,102.155
20140813,102.244
20140814,102.435
20140815,102.474
20140816,102.315
20140817,102.375
20140818,102.375
20140819,102.5815
20140820,102.873
20140821,103.367
20140822,103.7525
20140823,103.9435
20140825,103.945
20140826,103.97
20140827,104.1355
20140828,103.941
20140829,103.757
20140830,104.056
20140831,104.085
20140901,104.085
20140902,104.29
20140903,105.119
20140904,104.84
20140905,105.2165
20140906,105.0195
20140908,105.089
20140909,105.884
20140910,106.4295
20140911,106.761
20140912,106.9515
20140913,107.2435
20140914,107.2435
20140915,107.18
20140916,106.955
20140917,106.955
20140918,107.605
20140919,108.74
20140920,108.965
20140921,109.045
20140922,109.045
20140923,108.908
20140924,108.904
20140926,108.6665
20140927,109.3655
20140928,109.2875
20140929,109.295
20140930,109.4805
20141001,109.662
20141002,109.285
20141003,109.707
20141004,109.707
20141005,109.707
20141006,109.156
20141007,108.306
20141008,108.306
20141009,108.429
20141010,107.9605
20141011,107.8785
20141012,107.645
20141013,107.645
20141014,107.471
20141015,107.115
20141016,105.691
20141017,106.045
20141018,106.649
20141019,106.885
20141020,106.885
20141021,106.875
20141022,106.656
20141023,107.259
20141024,108.27
20141025,108.06
20141026,108.175
20141027,108.175
20141028,107.625
20141029,108.083
20141030,108.135
20141031,108.981
20141101,112.034
20141102,112.331
20141103,112.331
20141104,113.915
20141105,113.44
20141106,114.627
20141107,114.86
20141108,114.715
20141109,114.545
20141110,114.545
20141111,114.782
20141112,115.556
20141113,115.334
20141114,115.6225
20141115,116.546
20141116,116.295
20141117,116.295
20141118,116.409
20141119,116.732
20141120,117.7215
20141121,118.2
20141122,117.6845
20141123,117.835
20141124,117.835
20141125,118.3935
20141126,117.966
20141127,117.618
20141128,117.7955
20141129,118.695
20141130,118.645
20141201,118.645
20141202,118.234
20141203,119.169
20141204,119.757
20141205,119.574
20141206,121.354
20141207,121.425
20141208,121.425
20141209,120.8945
20141210,119.0445
20141211,118.593
20141212,119.324
20141213,118.466
20141214,118.805
20141215,118.805
20141216,117.891
20141217,117.405
20141218,117.602
20141219,118.7825
20141220,119.585
20141221,119.515
20141222,119.515
20141223,119.8455
20141224,120.698
20141225,120.451
20141226,120.481
20141227,120.425
20141228,120.505
20141229,120.505
20141230,120.599
20141231,119.394
20150104,120.505
20150105,120.505
20150106,119.6915
20150107,118.348
20150108,119.446
20150109,119.56
20150110,118.6275
20150111,118.5445
20150112,118.5445
20150113,118.323
20150114,118.266
20150115,116.7855
20150116,116.968
20150117,117.404
20150118,117.635
20150119,117.635
20150120,117.509
20150121,118.415
20150122,117.882
20150123,117.9045
20150124,117.78
20150125,117.795
20150126,117.795
20150127,118.4205
20150128,117.706
20150129,117.7635
20150130,118.3325
20150131,117.389
20150201,117.465
20150202,117.465
20150203,117.429
20150204,117.4975
20150205,117.559
20150206,117.426
20150207,119.09
20150208,119.1395
20150209,119.1395
20150210,118.714
20150211,119.33
20150212,120.375
20150213,118.6245
20150214,118.722
20150215,118.755
20150216,118.755
20150217,118.449
20150218,119.0155
20150219,119.187
20150220,118.852
20150221,118.685
20150222,119.025
20150223,119.025
20150224,118.886
20150225,119.082
20150226,118.889
20150227,119.33
20150228,119.706
20150301,119.575
20150302,119.575
20150303,120.102
20150304,119.4585
20150305,119.739
20150306,120.2245
20150307,120.861
20150308,120.8225
20150309,120.8225
20150310,121.2
20150311,121.237
20150312,121.448
20150313,121.329
20150314,121.245
20150315,121.395
20150316,121.395
20150317,121.3045
20150318,121.334
20150319,120.8675
20150320,120.8955
20150321,120.125
20150322,120.035
20150323,120.035
20150324,119.767
20150325,119.75
20150326,119.464
20150327,119.0075
20150328,119.215
20150329,119.145
20150330,119.145
20150331,120.0565
20150401,119.917
20150402,119.505
20150403,119.717
20150404,119.019
20150405,119.715
20150406,119.715
20150407,119.236
20150408,120.3355
20150409,119.903
20150410,120.556
20150411,120.168
20150412,120.215
20150413,120.215
20150414,120.091
20150415,119.329
20150416,118.913
20150417,118.9835
20150418,118.901
20150419,118.915
20150420,118.915
20150421,119.42
20150422,119.628
20150423,119.858
20150424,119.561
20150425,118.954
20150426,118.975
20150427,118.975
20150428,119.027
20150429,118.9205
20150430,118.6635
20150501,119.608
20150502,120.244
20150503,119.375
20150504,119.375
20150505,120.18
20150506,119.9145
20150507,119.426
20150508,119.8135
20150509,119.677
20150510,119.805
20150511,119.805
20150512,120.0185
20150513,119.9245
20150514,119.1055
20150515,119.181
20150516,119.358
20150517,119.325
20150518,119.325
20150519,119.935
20150520,120.702
20150521,121.2295
20150522,121.042
20150523,121.546
20150524,121.565
20150525,121.565
20150526,121.4875
20150527,122.9555
20150528,123.821
20150529,123.7495
20150530,124.021
20150531,124.145
20150601,124.145
20150602,124.792
20150603,123.9175
20150604,124.405
20150605,124.423
20150606,125.579
20150607,125.635
20150608,125.635
20150609,124.8585
20150610,124.423
20150611,122.671
20150612,123.622
20150613,123.389
20150614,123.385
20150615,123.385
20150616,123.4535
20150617,123.3815
20150618,124.209
20150619,122.976
20150620,122.5985
20150621,122.675
20150622,122.675
20150623,123.378
20150624,123.824
20150625,123.808
20150626,123.551
20150627,123.89
20150628,123.875
20150629,123.875
20150630,122.465
20150701,122.364
20150702,123.174
20150703,123.135
20150704,122.76
20150705,122.815
20150706,122.815
20150707,122.4375
20150708,122.445
20150709,120.78
20150710,121.335
20150711,122.815
20150712,122.755
20150713,122.755
20150714,123.3795
20150715,123.315
20150716,123.795
20150717,124.108
20150718,124.07
20150719,124.075
20150720,124.075
20150721,124.259
20150722,123.8035
20150723,124.039
20150724,123.7775
20150725,123.6985
20150726,123.805
20150727,123.805
20150728,123.18
20150729,123.56
20150730,123.808
20150731,124.299
20150801,123.879
20150802,123.925
20150803,123.925
20150804,123.9045
20150805,124.166
20150806,124.765
20150807,124.7355
20150808,124.155
20150809,124.235
20150810,124.235
20150811,124.565
20150812,125.14
20150813,124.12
20150814,124.395
20150815,124.223
20150816,124.305
20150817,124.305
20150818,124.3685
20150819,124.3895
20150820,123.92
20150821,123.542
20150822,122.137
20150823,122.045
20150824,122.045
20150825,119.1285
20150826,119.678
20150827,119.6465
20150828,121.075
20150829,121.256
20150830,121.715
20150831,121.715
20150901,121.149
20150902,119.727
20150903,120.11
20150904,119.905
20150905,118.869
20150906,119.025
20150907,119.025
20150908,119.35
20150909,119.935
20150910,120.955
20150911,120.655
20150912,120.521
20150913,120.575
20150914,120.575
20150915,120.093
20150916,120.47
20150917,120.554
20150918,120.865
20150919,119.816
20150920,119.995
20150921,119.995
20150922,120.4645
20150923,119.975
20150924,120.193
20150925,119.7
20150926,120.889
20150927,120.604
20150928,120.604
20150929,119.8065
20150930,119.845
20151001,119.935
20151002,119.7665
20151003,119.845
20151004,119.9025
20151005,119.9025
20151006,120.489
20151007,120.22
20151008,119.946
20151009,119.8855
20151010,120.265
20151011,120.265
20151012,120.265
20151013,119.924
20151014,119.805
20151015,119.21
20151016,118.3465
20151017,119.44
20151018,119.455
20151019,119.455
20151020,119.47
20151021,119.8215
20151022,120.005
20151023,120.68
20151024,121.215
20151025,121.465
20151026,121.465
20151027,120.975
20151028,120.3855
20151029,120.5335
20151030,121.165
20151031,120.721
20151101,120.6215
20151102,120.6215
20151103,120.7005
20151104,121.22
20151105,121.5825
20151106,121.6785
20151107,123.2055
20151108,123.155
20151109,123.155
20151110,123.0255
20151111,123.2415
20151112,122.925
20151113,122.852
20151114,122.85
20151115,122.645
20151116,122.645
20151117,123.1205
20151118,123.465
20151119,123.542
20151120,122.7385
20151121,122.805
20151122,122.7875
20151123,122.7875
20151124,123.007
20151125,122.455
20151126,122.692
20151127,122.605
20151128,122.845
20151129,122.845
20151130,122.845
20151201,123.215
20151202,122.8825
20151203,123.48
20151204,123.0395
20151205,123.055
20151206,123.175
20151207,123.175
20151208,123.3
20151209,122.954
20151210,121.785
20151211,121.45
20151212,121.05
20151213,120.865
20151214,120.865
20151215,120.4535
20151216,121.6165
20151217,121.8245
20151218,122.745
20151219,121.2955
20151220,121.149
20151221,121.149
20151222,120.945
20151223,120.9225
20151224,120.95
20151225,120.275
20151226,120.3405
20151227,120.435
20151228,120.435
20151229,120.305
20151230,120.445
20151231,120.5745
20160101,120.2435
20160102,120.265
20160103,120.265
20160104,120.265
20160105,119.335
20160106,118.988
20160107,118.587
20160108,118.038
20160109,117.725
20160110,117.2445
20160111,117.2445
20160112,117.457
20160113,117.815
20160114,118.15
20160115,118.0265
20160116,116.862
20160117,116.997
20160118,116.997
20160119,117.365
20160120,117.685
20160121,116.341
20160122,117.65
20160123,118.35
20160124,118.775
20160125,118.775
20160126,118.59
20160127,118.5025
20160128,118.8615
20160129,118.585
20160130,121.0635
20160131,121.1245
20160201,121.1245
20160202,121.095
20160203,120.3325
20160204,117.9735
20160205,116.814
20160206,117.033
20160207,116.895
20160208,116.895
20160209,115.485
20160210,114.991
20160211,114.08
20160212,111.625
20160213,113.0105
20160214,113.225
20160215,113.225
20160216,114.545
20160217,113.836
20160218,114.2325
20160219,113.557
20160220,112.555
20160221,112.565
20160222,112.565
20160223,113.054
20160224,112.144
20160225,111.3485
20160226,112.5835
20160227,113.825
20160228,113.9805
20160229,113.9805
20160301,112.985
20160302,113.875
20160303,113.84
20160304,113.4725
20160305,113.796
20160306,113.792
20160307,113.792
20160308,113.6545
20160309,112.5475
20160310,112.9585
20160311,113.125
20160312,113.665
20160313,113.814
20160314,113.814
20160315,113.579
20160316,112.957
20160317,113.685
20160318,111.01
20160319,111.518
20160320,111.575
20160321,111.575
20160322,111.705
20160323,112.045
20160324,112.699
20160325,112.685
20160326,113.145
20160327,113.081
20160328,113.081
20160329,113.375
20160330,112.9135
20160331,112.505
20160401,112.4835
20160402,111.7345
20160403,111.6115
20160404,111.655
20160405,111.133
20160406,110.241
20160407,109.67
20160408,108.2735
20160409,108.43
20160410,108.055
20160411,108.055
20160412,108.03
20160413,108.675
20160414,109.31
20160415,109.16
20160416,108.72
20160417,108.76
20160418,108.76
20160419,108.83
20160420,109.058
20160421,109.7665
20160422,109.525
20160423,111.7175
20160424,111.796
20160425,111.796
20160426,111.198
20160427,111.395
20160428,111.3295
20160429,108.036
20160430,106.692
20160501,106.365
20160502,106.365
20160503,106.504
20160504,106.1975
20160505,107.105
20160506,107.235
20160507,106.845
20160508,107.1085
20160509,107.1085
20160510,108.415
20160511,109.335
20160512,108.443
20160513,108.9675
20160514,108.645
20160515,108.6455
20160516,108.6455
20160517,109.0275
20160518,109.09
20160519,109.635
20160520,109.8775
20160521,110.215
20160522,110.111
20160523,110.255
20160524,109.136
20160525,110.0395
20160526,110.2
20160527,109.745
20160528,110.055
20160529,110.2335
20160530,110.235
20160531,111.125
20160601,110.745
20160602,109.5565
20160603,108.7535
20160604,106.623
20160605,106.552
20160606,106.552
20160607,107.268
20160608,107.345
20160609,106.865
20160610,106.69
20160611,106.9915
20160612,106.9345
20160613,106.9345
20160614,106.255
20160615,106.0015
20160616,105.92
20160617,104.1615
20160618,104.225
20160619,104.125
20160620,104.125
20160621,104.019
20160622,104.713
20160623,104.436
20160624,105.815
20160625,102.189
20160626,102.225
20160627,102.225
20160628,101.915
20160629,102.681
20160630,102.5585
20160701,103.258
20160702,102.4695
20160703,102.545
20160704,102.545
20160705,102.53
20160706,101.521
20160707,101.2405
20160708,100.683
20160709,100.634
20160710,100.585
20160711,100.585
20160712,102.865
20160713,104.8645
20160714,104.337
20160715,105.465
20160716,105.581
20160717,104.845
20160718,104.845
20160719,106.025
20160720,106.0775
20160721,106.8735
20160722,105.853
20160723,106.1125
20160724,106.075
20160725,106.075
20160726,105.8165
20160727,104.711
20160728,105.6505
20160729,105.0825
20160730,102.0755
20160731,102.055
20160801,102.055
20160802,102.3435
20160803,100.809
20160804,101.243
20160805,101.2045
20160806,101.7435
20160807,101.8155
20160808,101.8155
20160809,102.5055
20160810,101.8285
20160811,101.3515
20160812,101.8595
20160813,101.11
20160814,101.3085
20160815,101.3085
20160816,101.199
20160817,100.196
20160818,100.313
20160819,99.862
20160820,100.23
20160821,100.2005
20160822,100.22
20160823,100.3015
20160824,100.123
20160825,100.59
20160826,100.527
20160827,101.488
20160828,101.825
20160829,101.825
20160830,101.96
20160831,103.069
20160901,103.3965
20160902,104.165
20160903,103.9975
20160904,103.985
20160905,103.97
20160906,103.371
20160907,102.09
20160908,101.77
20160909,102.428
20160910,102.6735
20160911,102.6975
20160912,101.965
20160913,102.145
20160914,102.6435
20160915,102.391
20160916,102.02
20160917,102.3245
20160918,102.277
20160919,102.275
20160920,101.7335
20160921,101.7985
20160922,100.8635
20160923,100.7975
20160924,100.999
20160925,101.035
20160926,101.035
20160927,100.2955
20160928,100.2945
20160929,100.597
20160930,100.9605
20161001,101.366
20161002,101.336
20161003,101.335
20161004,101.5475
20161005,102.9445
20161006,103.5355
20161007,103.9755
20161008,103.125
20161009,102.895
20161010,103.7435
20161011,103.19
20161012,104.3115
20161013,103.54
20161014,103.828
20161015,104.175
20161016,104.19
20161017,103.9305
20161018,103.8365
20161019,103.296
20161020,103.957
20161021,103.906
20161022,103.795
20161023,103.795
20161024,104.238
20161025,104.2555
20161026,104.5925
20161027,105.286
20161028,105.377
20161029,104.72
20161030,104.728
20161031,105.1265
20161101,104.258
20161102,103.119
20161103,103.0555
20161104,103.026
20161105,103.1075
20161106,103.108
20161107,104.5755
20161108,104.992
20161109,104.9165
20161110,106.6305
20161111,106.613
20161112,106.665
20161113,106.665
20161114,108.291
20161115,108.8855
20161116,109.151
20161117,109.6045
20161118,110.5545
20161119,110.935
20161120,110.922
20161121,111.106
20161122,111.0575
20161123,112.566
20161124,113.2595
20161125,113.07
20161126,113.085
20161127,113.255
20161128,112.195
20161129,112.888
20161130,114.3355
20161201,114.375
20161202,113.7505
20161203,113.504
20161204,113.504
20161205,114.147
20161206,113.98
20161207,113.558
20161208,114.203
20161209,115.1765
20161210,115.395
20161211,115.395
20161212,115.363
20161213,115.2595
20161214,115.03
20161215,118.4155
20161216,117.50575
20161217,117.91
20161218,117.91
20161219,116.569
20161220,117.9435
20161221,117.739
20161222,117.523
20161223,117.235
20161224,117.272
20161225,117.272
20161226,117.1405
20161227,117.5145
20161228,117.6435
20161229,116.3445
20161230,116.794
20161231,116.895
20170101,116.895
20170102,117.3815
20170103,117.6655
20170104,117.4265
20170105,115.449
20170106,116.922
20170107,116.925
20170108,116.925
20170109,116.076
20170110,115.6955
20170111,116.134
20170112,113.9435
20170113,115.0335
20170114,114.525
20170115,114.576
20170116,114.1025
20170117,112.938
20170118,113.4665
20170119,115.259
20170120,115.0325
20170121,114.534
20170122,114.534
20170123,112.833
20170124,113.529
20170125,113.531
20170126,114.756
20170127,115.096
20170128,115.075
20170129,115.075
20170130,113.7935
20170131,112.766
20170201,113.2975
20170202,112.563
20170203,112.41525
20170204,112.705
20170205,112.573
20170206,112.285
20170207,112.206
20170208,111.7515
20170209,113.25125
20170210,113.226
20170211,113.195
20170212,113.218
20170213,113.8915
20170214,114.353
20170215,114.109
20170216,113.3335
20170217,112.869
20170218,112.875
20170219,112.85
20170220,113.0945
20170221,113.4445
20170222,113.41
20170223,112.71125
20170224,112.2805
20170225,112.19
20170226,112.19
20170227,111.97375
20170228,111.971
20170301,113.6485
20170302,114.4365
20170303,114.5735
20170304,114.015
20170305,114.015
20170306,113.933
20170307,114.01625
20170308,114.586
20170309,114.697
20170310,115.0025
20170311,114.755
20170312,114.755
20170313,114.697
20170314,114.5825
20170315,114.5955
20170316,113.126
20170317,112.6935
20170318,112.715
20170319,112.715
20170320,112.6845
20170321,111.897
20170322,110.973
20170323,111.112
20170324,110.916
20170325,111.343
20170326,111.343
20170327,110.569
20170328,110.614
20170329,111.0325
20170330,111.304
20170331,111.3
20170402,111.375
20170403,111.001
20170404,110.7325
20170405,111.2935
20170406,110.8525
20170407,110.9485
20170408,111.075
20170409,111.075
20170410,110.951
20170411,109.798
20170412,109.579
20170413,109.0675
20170414,108.6355
20170415,108.632
20170416,108.64
20170417,108.537
20170418,108.518
20170419,108.871
20170420,109.3425
20170421,108.978
20170422,109.085
20170423,109.075
20170424,109.811
20170425,111.0265
20170426,111.7015
20170427,111.2485
20170428,111.4125
20170429,111.545
20170430,111.515
20170501,111.7525
20170502,112.126
20170504,112.572
20170505,112.682
20170506,112.725
20170507,112.725
20170508,112.975
20170509,114.2335
20170510,114.0875
20170511,113.859
20170512,113.382
20170513,113.3515
20170514,113.375
20170515,113.573
20170516,113.2245
20170517,111.3855
20170518,110.945
20170520,111.265
20170521,111.265
20170522,111.155
20170523,111.6705
20170524,112.053
20170525,111.735
20170526,111.327
20170527,111.321
20170528,111.321
20170529,111.3135
20170530,110.7485
20170531,110.663
20170601,111.391
20170602,110.4905
20170603,110.395
20170604,110.395
20170605,110.438
20170606,109.4145
20170607,109.443
20170608,110.082
20170609,110.476
20170610,110.3315
20170611,110.315
20170612,109.678
20170613,110.069
20170614,109.079
20170615,110.895
20170616,110.853
20170617,110.875
20170618,110.875
20170619,111.4605
20170620,111.4455
20170621,111.3995
20170622,111.333
20170623,111.3085
20170624,111.295
20170625,111.295
20170626,111.647
20170627,112.3155
20170628,112.2025
20170629,112.1025
20170630,112.335
20170701,112.405
20170702,112.405
20170703,113.362
20170704,113.2135
20170705,113.235
20170706,113.3295
20170707,114.039
20170708,113.915
20170709,113.895
20170710,114.147
20170711,113.9475
20170712,113.218
20170713,113.3465
20170714,112.616
20170715,112.545
20170716,112.545
20170717,112.7155
20170718,112.034
20170719,111.711
20170720,111.7255
20170721,111.06
20170722,111.125
20170723,111.125
20170724,111.1785
20170725,111.618
20170726,112.148
20170727,111.3615
20170728,110.807
20170729,110.665
20170730,110.665
20170731,110.402
20170801,110.2765
20170802,110.4355
20170803,110.184
20170804,110.807
20170805,110.677
20170806,110.7
20170807,110.738
20170808,110.735
20170809,110.045
20170810,109.3715
20170811,108.9985
20170812,109.185
20170813,109.185
20170814,109.4645
20170815,110.514
20170816,110.8015
20170817,109.7495
20170818,109.423
20170819,109.207
20170820,109.215
20170821,108.8315
20170823,109.1555
20170824,109.328
20170825,109.205
20170826,109.3455
20170827,109.445
20170828,109.206
20170829,109.1835
20170830,110.298
20170831,110.197
20170901,110.202
20170902,110.2635
20170903,110.255
20170904,109.6555
20170905,108.741
20170906,108.9755
20170907,108.3895
20170908,107.852
20170909,107.844
20170910,107.825
20170911,109.1055
20170912,110.054
20170913,110.656
20170914,110.713
20170915,110.828
20170916,110.855
20170917,110.835
20170918,111.5355
20170919,111.784
20170920,111.414
20170921,112.4085
20170922,112.1215
20170923,111.9955
20170924,111.984
20170925,111.5755
20170926,112.246
20170927,112.6695
20170928,112.467
20170929,112.6035
20170930,112.939
20171001,112.464
20171002,112.6605
20171003,112.8355
20171004,112.819
20171005,112.761
20171006,112.731
20171007,112.65
20171008,112.65
20171009,112.682
20171010,112.2
20171011,112.4625
20171012,112.352
20171014,111.835
20171015,111.825
20171016,111.75
20171017,112.267
20171018,112.867
20171019,112.584
20171020,113.4345
20171021,113.505
20171022,113.525
20171023,113.683
20171024,113.901
20171025,113.6355
20171026,113.7495
20171027,113.957
20171028,113.675
20171029,113.69
20171030,113.1365
20171031,113.6625
20171101,114.0135
20171102,114.14
20171103,114.3475
20171104,114.075
20171105,114.075
20171106,113.907
20171107,113.9855
20171108,113.5955
20171109,113.406
20171110,113.4995
20171111,113.535
20171112,113.535
20171113,113.565
20171114,113.459
20171115,113.1405
20171116,112.8855
20171117,112.062
20171118,112.085
20171119,112.085
20171120,112.481
20171121,112.45575
20171122,111.6525
20171123,111.205
20171124,111.571
20171125,111.545
20171126,111.545
20171127,110.959
20171128,111.1165
20171129,111.75025
20171130,112.292
20171201,111.72
20171202,112.115
20171203,112.11
20171204,112.78
20171205,112.84
20171206,112.3615
20171207,112.6935
20171208,113.515
20171209,113.485
20171211,113.3455
20171212,113.634
20171213,113.235
20171214,112.542
20171215,112.659
20171216,112.585
20171217,112.585
20171218,112.4255
20171219,113.022
20171220,113.292
20171221,113.4595
20171222,113.324
20171223,113.27
20171224,113.27
20171225,113.255
20171226,113.1975
20171227,113.2975
20171228,112.84125
20171229,112.7025
20171230,112.685
20171231,112.685
20180101,112.695
20180102,112.175
20180103,112.34
20180104,112.791
20180105,113.1555
20180106,113.075
20180107,113.08
20180108,113.0955
20180109,112.51
20180110,111.53675
20180111,111.3845
20180112,111.1915
20180113,111.04
20180114,111.04
20180115,110.5435
20180116,110.7545
20180117,110.826
20180118,110.9115
20180119,110.592
20180120,110.775
20180121,110.775
20180122,111.09
20180123,110.4235
20180124,109.1135
20180125,108.708
20180126,108.381
20180127,108.715
20180128,108.715
20180129,109.16075
20180130,108.905
20180131,109.393
20180201,109.49125
20180202,110.3995
20180203,110.105
20180204,110.105
20180205,110.075
20180206,109.1855
20180207,109.481
20180208,109.011
20180209,108.536
20180210,108.797
20180211,108.797
20180212,108.692
20180213,107.6025
20180214,107.045
20180215,106.29125
20180216,106.0755
20180217,106.315
20180218,106.315
20180219,106.5415
20180220,107.2495
20180221,107.685
20180222,106.9915
20180223,106.653
20180224,106.885
20180225,106.885
20180226,106.91525
20180227,107.467
20180228,106.6065
20180301,106.958
20180302,105.591
20180303,105.75
20180304,105.75
20180305,105.969
20180306,106.0435
20180307,106.034
20180308,106.0815
20180309,106.795
20180310,106.795
20180311,106.795
20180312,106.5375
20180313,106.602
20180314,106.253
20180315,106.212
20180316,106.12
20180317,106.015
20180318,106.015
20180319,105.872
20180320,106.422
20180321,106.331
20180322,105.6825
20180323,104.933
20180324,104.745
20180325,104.735
20180326,105.1075
20180327,105.667
20180328,106.4595
20180329,106.4235
20180330,106.212
20180401,106.275
20180402,106.0465
20180403,106.431
20180404,106.6055
20180405,107.412
20180406,107.1145
20180407,106.93
20180408,106.93
20180409,106.9405
20180410,107.213
20180411,106.846
20180412,107.29
20180413,107.428
20180414,107.345
20180415,107.345
